RTTI,ID_Symbol,ID_Value,File,Line
RTTI::Actor,Actor,2764355,F:\mods\dev\fo4\scscd_core\dep\commonlibf4\include\RE\A\Actor.h,85
RTTI::ActorState,ActorState,2773231,F:\mods\dev\fo4\scscd_core\dep\commonlibf4\include\RE\A\ActorState.h,16
RTTI::ActorValueOwner,ActorValueOwner,2766481,F:\mods\dev\fo4\scscd_core\dep\commonlibf4\include\RE\A\ActorValueOwner.h,10
RTTI::BGSAttachParentArray,BGSAttachParentArray,2764469,F:\mods\dev\fo4\scscd_core\dep\commonlibf4\include\RE\B\BGSAttachParentArray.h,13
RTTI::BGSAttackDataForm,BGSAttackDataForm,2765295,F:\mods\dev\fo4\scscd_core\dep\commonlibf4\include\RE\B\BGSAttackDataForm.h,14
RTTI::BGSBehaviorGraphModel,BGSBehaviorGraphModel,2767125,F:\mods\dev\fo4\scscd_core\dep\commonlibf4\include\RE\B\BGSBehaviorGraphModel.h,11
RTTI::BGSBipedObjectForm,BGSBipedObjectForm,2765297,F:\mods\dev\fo4\scscd_core\dep\commonlibf4\include\RE\B\BGSBipedObjectForm.h,12
RTTI::BGSBlockBashData,BGSBlockBashData,2765299,F:\mods\dev\fo4\scscd_core\dep\commonlibf4\include\RE\B\BGSBlockBashData.h,11
RTTI::BGSCharacterTint__Entry,BGSCharacterTint__Entry,2765867,F:\mods\dev\fo4\scscd_core\dep\commonlibf4\include\RE\B\BGSCharacterTint.h,139
RTTI::BGSCharacterTint__MaskEntry,BGSCharacterTint__MaskEntry,2765869,F:\mods\dev\fo4\scscd_core\dep\commonlibf4\include\RE\B\BGSCharacterTint.h,168
RTTI::BGSCharacterTint__PaletteEntry,BGSCharacterTint__PaletteEntry,2765871,F:\mods\dev\fo4\scscd_core\dep\commonlibf4\include\RE\B\BGSCharacterTint.h,177
RTTI::BGSCharacterTint__Template__Entry,BGSCharacterTint__Template__Entry,2765873,F:\mods\dev\fo4\scscd_core\dep\commonlibf4\include\RE\B\BGSCharacterTint.h,65
RTTI::BGSCharacterTint__Template__Palette,BGSCharacterTint__Template__Palette,2765877,F:\mods\dev\fo4\scscd_core\dep\commonlibf4\include\RE\B\BGSCharacterTint.h,115
RTTI::BGSCharacterTint__TextureSetEntry,BGSCharacterTint__TextureSetEntry,2765879,F:\mods\dev\fo4\scscd_core\dep\commonlibf4\include\RE\B\BGSCharacterTint.h,190
RTTI::BGSDestructibleObjectForm,BGSDestructibleObjectForm,2764595,F:\mods\dev\fo4\scscd_core\dep\commonlibf4\include\RE\B\BGSDestructibleObjectForm.h,13
RTTI::BGSEquipType,BGSEquipType,2764593,F:\mods\dev\fo4\scscd_core\dep\commonlibf4\include\RE\B\BGSEquipType.h,11
RTTI::BGSFeaturedItemMessage,BGSFeaturedItemMessage,2764475,F:\mods\dev\fo4\scscd_core\dep\commonlibf4\include\RE\B\BGSFeaturedItemMessage.h,11
RTTI::BGSForcedLocRefType,BGSForcedLocRefType,2764481,F:\mods\dev\fo4\scscd_core\dep\commonlibf4\include\RE\B\BGSForcedLocRefType.h,11
RTTI::BGSHeadPart,BGSHeadPart,2766987,F:\mods\dev\fo4\scscd_core\dep\commonlibf4\include\RE\B\BGSHeadPart.h,20
RTTI::BGSInstanceNamingRulesForm,BGSInstanceNamingRulesForm,2764483,F:\mods\dev\fo4\scscd_core\dep\commonlibf4\include\RE\B\BGSInstanceNamingRulesForm.h,13
RTTI::BGSInventoryItem__CheckExtraDataFunctor,BGSInventoryItem__CheckExtraDataFunctor,2765481,F:\mods\dev\fo4\scscd_core\dep\commonlibf4\include\RE\B\BGSInventoryItem.h,79
RTTI::BGSInventoryItem__CheckStackIDFunctor,BGSInventoryItem__CheckStackIDFunctor,2765479,F:\mods\dev\fo4\scscd_core\dep\commonlibf4\include\RE\B\BGSInventoryItem.h,60
RTTI::BGSInventoryItem__ModifyModDataFunctor,BGSInventoryItem__ModifyModDataFunctor,2769653,F:\mods\dev\fo4\scscd_core\dep\commonlibf4\include\RE\B\BGSInventoryItem.h,113
RTTI::BGSInventoryItem__SetHealthFunctor,BGSInventoryItem__SetHealthFunctor,2769651,F:\mods\dev\fo4\scscd_core\dep\commonlibf4\include\RE\B\BGSInventoryItem.h,145
RTTI::BGSInventoryItem__Stack,BGSInventoryItem__Stack,2765491,F:\mods\dev\fo4\scscd_core\dep\commonlibf4\include\RE\B\BGSInventoryItem.h,17
RTTI::BGSInventoryItem__StackDataCompareFunctor,BGSInventoryItem__StackDataCompareFunctor,2765477,F:\mods\dev\fo4\scscd_core\dep\commonlibf4\include\RE\B\BGSInventoryItem.h,47
RTTI::BGSInventoryItem__StackDataWriteFunctor,BGSInventoryItem__StackDataWriteFunctor,2765483,F:\mods\dev\fo4\scscd_core\dep\commonlibf4\include\RE\B\BGSInventoryItem.h,97
RTTI::BGSKeyword,BGSKeyword,2764467,F:\mods\dev\fo4\scscd_core\dep\commonlibf4\include\RE\B\BGSKeyword.h,14
RTTI::BGSKeywordForm,BGSKeywordForm,2764583,F:\mods\dev\fo4\scscd_core\dep\commonlibf4\include\RE\B\BGSKeywordForm.h,16
RTTI::BGSMaterialSwap,BGSMaterialSwap,2764499,F:\mods\dev\fo4\scscd_core\dep\commonlibf4\include\RE\B\BGSMaterialSwap.h,13
RTTI::BGSMessageIcon,BGSMessageIcon,2764589,F:\mods\dev\fo4\scscd_core\dep\commonlibf4\include\RE\B\BGSMessageIcon.h,13
RTTI::BGSMod__Attachment__Mod,BGSMod__Attachment__Mod,2764485,F:\mods\dev\fo4\scscd_core\dep\commonlibf4\include\RE\B\BGSMod.h,154
RTTI::BGSMod__Container,BGSMod__Container,2764493,F:\mods\dev\fo4\scscd_core\dep\commonlibf4\include\RE\B\BGSMod.h,113
RTTI::BGSMod__Template__Item,BGSMod__Template__Item,2764491,F:\mods\dev\fo4\scscd_core\dep\commonlibf4\include\RE\B\BGSMod.h,231
RTTI::BGSMod__Template__Items,BGSMod__Template__Items,2764487,F:\mods\dev\fo4\scscd_core\dep\commonlibf4\include\RE\B\BGSMod.h,252
RTTI::BGSModelMaterialSwap,BGSModelMaterialSwap,2764497,F:\mods\dev\fo4\scscd_core\dep\commonlibf4\include\RE\B\BGSModelMaterialSwap.h,11
RTTI::BGSNativeTerminalForm,BGSNativeTerminalForm,2764503,F:\mods\dev\fo4\scscd_core\dep\commonlibf4\include\RE\B\BGSNativeTerminalForm.h,11
RTTI::BGSObjectInstanceExtra,BGSObjectInstanceExtra,2764459,F:\mods\dev\fo4\scscd_core\dep\commonlibf4\include\RE\B\BGSObjectInstanceExtra.h,22
RTTI::BGSOverridePackCollection,BGSOverridePackCollection,2765313,F:\mods\dev\fo4\scscd_core\dep\commonlibf4\include\RE\B\BGSOverridePackCollection.h,11
RTTI::BGSPerkRankArray,BGSPerkRankArray,2765315,F:\mods\dev\fo4\scscd_core\dep\commonlibf4\include\RE\B\BGSPerkRankArray.h,13
RTTI::BGSPickupPutdownSounds,BGSPickupPutdownSounds,2764597,F:\mods\dev\fo4\scscd_core\dep\commonlibf4\include\RE\B\BGSPickupPutdownSounds.h,11
RTTI::BGSPreloadable,BGSPreloadable,2766025,F:\mods\dev\fo4\scscd_core\dep\commonlibf4\include\RE\B\BGSPreloadable.h,14
RTTI::BGSPreviewTransform,BGSPreviewTransform,2764509,F:\mods\dev\fo4\scscd_core\dep\commonlibf4\include\RE\B\BGSPreviewTransform.h,11
RTTI::BGSPropertySheet,BGSPropertySheet,2764511,F:\mods\dev\fo4\scscd_core\dep\commonlibf4\include\RE\B\BGSPropertySheet.h,14
RTTI::BGSSkinForm,BGSSkinForm,2765321,F:\mods\dev\fo4\scscd_core\dep\commonlibf4\include\RE\B\BGSSkinForm.h,11
RTTI::BGSSoundTagComponent,BGSSoundTagComponent,2764515,F:\mods\dev\fo4\scscd_core\dep\commonlibf4\include\RE\B\BGSSoundTagComponent.h,11
RTTI::BGSTextureModel,BGSTextureModel,2767123,F:\mods\dev\fo4\scscd_core\dep\commonlibf4\include\RE\B\BGSTextureModel.h,11
RTTI::BSExtraData,BSExtraData,2764461,F:\mods\dev\fo4\scscd_core\dep\commonlibf4\include\RE\B\BSExtraData.h,11
RTTI::BSFile,BSFile,2783153,F:\mods\dev\fo4\scscd_core\dep\commonlibf4\include\RE\B\BSFile.h,13
RTTI::BSHandleRefObject,BSHandleRefObject,2766471,F:\mods\dev\fo4\scscd_core\dep\commonlibf4\include\RE\B\BSHandleRefObject.h,11
RTTI::BSIntrusiveRefCounted,BSIntrusiveRefCounted,2764357,F:\mods\dev\fo4\scscd_core\dep\commonlibf4\include\RE\B\BSIntrusiveRefCounted.h,8
RTTI::BSResourceNiBinaryStream,BSResourceNiBinaryStream,2783299,F:\mods\dev\fo4\scscd_core\dep\commonlibf4\include\RE\B\BSResourceNiBinaryStream.h,19
RTTI::BSTGlobalEvent,BSTGlobalEvent,2783063,F:\mods\dev\fo4\scscd_core\dep\commonlibf4\include\RE\B\BSTEvent.h,193
RTTI::BaseFormComponent,BaseFormComponent,2764465,F:\mods\dev\fo4\scscd_core\dep\commonlibf4\include\RE\B\BaseFormComponent.h,10
RTTI::ExtraInstanceData,ExtraInstanceData,2765141,F:\mods\dev\fo4\scscd_core\dep\commonlibf4\include\RE\E\ExtraInstanceData.h,13
RTTI::ExtraMaterialSwap,ExtraMaterialSwap,2764933,F:\mods\dev\fo4\scscd_core\dep\commonlibf4\include\RE\E\ExtraMaterialSwap.h,11
RTTI::IAnimationGraphManagerHolder,IAnimationGraphManagerHolder,2765159,F:\mods\dev\fo4\scscd_core\dep\commonlibf4\include\RE\I\IAnimationGraphManagerHolder.h,17
RTTI::IKeywordFormBase,IKeywordFormBase,2764571,F:\mods\dev\fo4\scscd_core\dep\commonlibf4\include\RE\I\IKeywordFormBase.h,10
RTTI::IMemoryStore,IMemoryStore,2783041,F:\mods\dev\fo4\scscd_core\dep\commonlibf4\include\RE\I\IMemoryStore.h,11
RTTI::IMemoryStoreBase,IMemoryStoreBase,2783043,F:\mods\dev\fo4\scscd_core\dep\commonlibf4\include\RE\I\IMemoryStoreBase.h,10
RTTI::IMovementInterface,IMovementInterface,2765773,F:\mods\dev\fo4\scscd_core\dep\commonlibf4\include\RE\I\IMovementInterface.h,8
RTTI::IMovementState,IMovementState,2773233,F:\mods\dev\fo4\scscd_core\dep\commonlibf4\include\RE\I\IMovementState.h,18
RTTI::IPostAnimationChannelUpdateFunctor,IPostAnimationChannelUpdateFunctor,2773245,F:\mods\dev\fo4\scscd_core\dep\commonlibf4\include\RE\I\IPostAnimationChannelUpdateFunctor.h,8
RTTI::MagicTarget,MagicTarget,2772535,F:\mods\dev\fo4\scscd_core\dep\commonlibf4\include\RE\M\MagicTarget.h,10
RTTI::NiBinaryStream,NiBinaryStream,2766855,F:\mods\dev\fo4\scscd_core\dep\commonlibf4\include\RE\N\NiBinaryStream.h,8
RTTI::NiFile,NiFile,2783125,F:\mods\dev\fo4\scscd_core\dep\commonlibf4\include\RE\N\NiFile.h,12
RTTI::NiRefObject,NiRefObject,2764439,F:\mods\dev\fo4\scscd_core\dep\commonlibf4\include\RE\N\NiRefObject.h,10
RTTI::ScrapHeap,ScrapHeap,2783039,F:\mods\dev\fo4\scscd_core\dep\commonlibf4\include\RE\S\ScrapHeap.h,11
RTTI::TBO_InstanceData,TBO_InstanceData,2766179,F:\mods\dev\fo4\scscd_core\dep\commonlibf4\include\RE\T\TBO_InstanceData.h,16
RTTI::TESAIForm,TESAIForm,2765325,F:\mods\dev\fo4\scscd_core\dep\commonlibf4\include\RE\T\TESAIForm.h,13
RTTI::TESActorBase,TESActorBase,2764767,F:\mods\dev\fo4\scscd_core\dep\commonlibf4\include\RE\T\TESActorBase.h,35
RTTI::TESActorBase,TESActorBase,2764767,F:\mods\dev\fo4\scscd_core\dep\commonlibf4\include\RE\T\TESNPC.h,36
RTTI::TESActorBaseData,TESActorBaseData,2765327,F:\mods\dev\fo4\scscd_core\dep\commonlibf4\include\RE\T\TESActorBaseData.h,14
RTTI::TESBipedModelForm,TESBipedModelForm,2765171,F:\mods\dev\fo4\scscd_core\dep\commonlibf4\include\RE\T\TESBipedModelForm.h,15
RTTI::TESBoundAnimObject,TESBoundAnimObject,2766103,F:\mods\dev\fo4\scscd_core\dep\commonlibf4\include\RE\T\TESBoundAnimObject.h,11
RTTI::TESBoundObject,TESBoundObject,2764579,F:\mods\dev\fo4\scscd_core\dep\commonlibf4\include\RE\T\TESBoundObject.h,22
RTTI::TESClass,TESClass,2767069,F:\mods\dev\fo4\scscd_core\dep\commonlibf4\include\RE\T\TESClass.h,20
RTTI::TESContainer,TESContainer,2765359,F:\mods\dev\fo4\scscd_core\dep\commonlibf4\include\RE\T\TESContainer.h,12
RTTI::TESDescription,TESDescription,2764599,F:\mods\dev\fo4\scscd_core\dep\commonlibf4\include\RE\T\TESDescription.h,13
RTTI::TESEnchantableForm,TESEnchantableForm,2765331,F:\mods\dev\fo4\scscd_core\dep\commonlibf4\include\RE\T\TESEnchantableForm.h,16
RTTI::TESFaction,TESFaction,2764763,F:\mods\dev\fo4\scscd_core\dep\commonlibf4\include\RE\T\TESFaction.h,23
RTTI::TESForm,TESForm,2764237,F:\mods\dev\fo4\scscd_core\dep\commonlibf4\include\RE\T\TESForm.h,23
RTTI::TESFullName,TESFullName,2764489,F:\mods\dev\fo4\scscd_core\dep\commonlibf4\include\RE\T\TESFullName.h,13
RTTI::TESIcon,TESIcon,2764585,F:\mods\dev\fo4\scscd_core\dep\commonlibf4\include\RE\T\TESIcon.h,11
RTTI::TESModel,TESModel,2764501,F:\mods\dev\fo4\scscd_core\dep\commonlibf4\include\RE\T\TESModel.h,19
RTTI::TESModelRDT,TESModelRDT,2765357,F:\mods\dev\fo4\scscd_core\dep\commonlibf4\include\RE\T\TESModelRDT.h,11
RTTI::TESModelTri,TESModelTri,2766989,F:\mods\dev\fo4\scscd_core\dep\commonlibf4\include\RE\T\TESModelTri.h,11
RTTI::TESObject,TESObject,2764581,F:\mods\dev\fo4\scscd_core\dep\commonlibf4\include\RE\T\TESObject.h,14
RTTI::TESObjectARMA,TESObjectARMA,2766195,F:\mods\dev\fo4\scscd_core\dep\commonlibf4\include\RE\T\TESObjectARMA.h,21
RTTI::TESObjectARMO,TESObjectARMO,2765323,F:\mods\dev\fo4\scscd_core\dep\commonlibf4\include\RE\T\TESObjectARMO.h,41
RTTI::TESObjectARMO__InstanceData,TESObjectARMO__InstanceData,2766205,F:\mods\dev\fo4\scscd_core\dep\commonlibf4\include\RE\T\TESObjectARMO.h,49
RTTI::TESObjectMISC,TESObjectMISC,2765243,F:\mods\dev\fo4\scscd_core\dep\commonlibf4\include\RE\T\TESObjectMISC.h,34
RTTI::TESObjectREFR,TESObjectREFR,2764253,F:\mods\dev\fo4\scscd_core\dep\commonlibf4\include\RE\T\TESObjectREFR.h,82
RTTI::TESRace,TESRace,2765385,F:\mods\dev\fo4\scscd_core\dep\commonlibf4\include\RE\T\TESRace.h,45
RTTI::TESRaceForm,TESRaceForm,2765339,F:\mods\dev\fo4\scscd_core\dep\commonlibf4\include\RE\T\TESRaceForm.h,11
RTTI::TESReactionForm,TESReactionForm,2765343,F:\mods\dev\fo4\scscd_core\dep\commonlibf4\include\RE\T\TESReactionForm.h,14
RTTI::TESSpellList,TESSpellList,2765341,F:\mods\dev\fo4\scscd_core\dep\commonlibf4\include\RE\T\TESSpellList.h,11
RTTI::TESTexture,TESTexture,2764587,F:\mods\dev\fo4\scscd_core\dep\commonlibf4\include\RE\T\TESTexture.h,13
RTTI::TESValueForm,TESValueForm,2764653,F:\mods\dev\fo4\scscd_core\dep\commonlibf4\include\RE\T\TESValueForm.h,11
RTTI::TESWeightForm,TESWeightForm,2764591,F:\mods\dev\fo4\scscd_core\dep\commonlibf4\include\RE\T\TESWeightForm.h,11
